'Welcome',Robby,robby@robby.com,Robby.com,8/24/17 8:37:13 AM,
'Hello',Robby,robby@robby.com,hello,8/29/17 3:47:19 PM,
'Hello',Robby,robby@robby.com,hello,8/29/17 3:47:21 PM,
'Hello',Robby,robby@robby.com,hello,8/29/17 3:48:17 PM,
'Hello',Robby,robby@robby.com,hello,8/29/17 3:50:25 PM,
'Hello',Robby,robby@robby.com,hello,8/29/17 3:54:27 PM,
'Hello',Robby,robby@robby.com,hello,8/29/17 3:56:36 PM,
'Yo',Bro,Hi@Hi.com,dont tase,8/29/17 3:57:05 PM,
'Yo',Bro,Hi@Hi.com,dont tase,8/29/17 4:07:45 PM,
'Yo',Bro,Hi@Hi.com,dont tase,8/29/17 4:09:56 PM,
'Yo',Bro,Hi@Hi.com,dont tase,8/29/17 4:11:01 PM,'Yo',Bro,Hi@Hi.com,dont tase,8/29/17 4:11:50 PM,
'Yo',Bro,Hi@Hi.com,dont tase,8/29/17 4:13:24 PM,
'Yo',Bro,Hi@Hi.com,dont tase,8/29/17 4:14:56 PM,
'Do ',You,Work@work.com,????,8/29/17 4:15:23 PM,
